1000,9917,13427,9506,10660,8792,8055,9423,9209,11543,9741,9157,9357,9287,9485,9043,11791,9974,8297,9106,10910,9498,8594,9448,9101,11241,9937,8756,10409,13743,10206,10684,9452,9729,12822,8411,8740,8279,8005,10244,7764,12148,8915,8871,9956,9314,7774,9930,11009,9280,10154,
2000,21376,24539,31744,21637,22677,19549,19193,23798,17985,19912,21554,24076,21164,19125,18562,23532,17939,19681,20574,18174,20862,20460,18566,20779,21980,21758,19210,26513,17681,21230,21408,21954,17661,17013,23961,17708,22365,24279,19091,19655,26248,20701,20755,24272,20620,18761,23129,26007,20239,20436,
3000,35988,35507,32545,33847,36913,31550,28871,38507,34290,32831,36358,26706,42251,37789,35177,33381,39939,27491,31334,35010,36000,28298,27153,38076,25659,36871,31168,33377,39266,27153,26711,39085,45059,33419,35596,39708,31649,31453,32688,29319,36121,31949,46684,31756,30816,29592,37912,31581,30777,32789,
4000,47877,37499,41302,38145,48888,43780,39398,42617,46025,42529,45649,45244,45026,43081,50437,45251,41847,49088,38900,44194,43377,47647,47136,37884,38489,43286,44596,39252,52053,39831,50381,47848,51804,53158,45452,43005,43827,41022,36974,38869,49367,56608,54439,39180,39321,41640,47761,51314,39337,45771,
5000,59763,52414,60599,70040,53353,56429,64684,58107,77737,63987,67034,68385,54556,63562,51275,64819,49427,59352,56502,58170,54830,61321,74999,55279,58833,73579,52954,51223,60430,74759,72328,50683,67933,56989,67914,54193,51286,52732,54109,53687,57759,57780,55152,90838,58541,53997,59284,63940,54998,50537,
6000,71547,55131,71915,81921,61526,58169,62183,80270,60739,82018,69173,63276,75079,73579,64671,63736,58296,73520,75954,80022,72928,76248,65322,59842,60604,69006,66681,67974,73619,72020,69634,66693,62432,63479,67066,88887,66973,62126,71160,68399,65772,64909,75554,69413,63379,72384,73371,65193,64281,68358,
7000,77837,75345,99127,75364,90416,109145,82619,103012,90565,88331,99790,89789,87505,79290,72953,82983,79236,88453,90999,82717,84747,81448,89147,89320,111550,112818,81668,104521,72368,98212,94447,81090,79034,87623,88011,95756,75255,75149,77448,71107,78192,73435,72959,72316,103926,82818,77624,84743,76645,106444,
8000,108909,81971,92048,102777,105796,98914,90763,99630,95226,85480,117382,114191,89809,95403,86959,84097,111664,99461,74467,90446,86863,94005,118565,96471,94996,81199,100159,102550,116359,86671,103769,99471,89316,90526,94340,90846,87908,99654,83551,108613,110204,88158,97489,129951,90880,78889,92702,94927,87213,83880,
9000,102005,119371,104564,99125,99870,104841,120785,100120,102847,94044,99320,102721,116788,117900,121328,112177,130844,108319,120661,113104,102880,95563,120423,104787,103919,96467,117946,100908,112013,103970,97598,97215,121631,99333,106352,109812,88638,143284,122324,112243,112074,96342,98343,97874,133538,107750,114773,125142,110744,113444,
10000,116564,103332,125111,134114,108183,135657,132274,135099,142071,172600,132826,127117,160887,157298,121859,156186,107123,108447,109946,125173,128353,123974,118015,111085,138384,125485,118705,138064,128371,107458,104607,121068,129682,126890,120345,133794,114267,117479,122487,102487,125759,130249,119137,116892,125585,148572,108008,134025,124908,126178,
11000,127049,126816,135904,156228,117759,133490,134729,128400,159012,172645,159185,142039,150623,119722,158306,124535,128182,137509,139065,174349,157203,140277,144066,129870,149259,129246,137418,136776,137430,131765,143495,145654,141432,124850,160561,150148,145627,159996,146188,120116,124573,135814,140186,141254,138721,184207,134018,129692,152079,132315,
12000,148603,145656,128853,158361,209186,150408,142563,131972,139356,148486,129996,151049,132997,145585,144531,168839,143241,144968,148295,136730,160384,141551,132527,145486,155331,130486,155117,149088,150159,155257,157882,139490,172701,183102,137058,162784,144008,182814,151980,160334,158595,149139,140989,130278,141587,176816,160995,145529,153674,138690,
13000,159169,171749,159981,175499,167944,143286,162887,172199,145790,157971,150686,161182,150091,142491,155031,143456,156771,163403,152726,157352,151940,160196,166165,164162,178792,185830,144207,134201,166087,172415,165763,179598,153734,176232,170300,160076,154691,194532,171963,158924,173809,149145,149311,164334,157360,163919,155203,168085,159052,175928,
14000,162115,200125,206148,191323,170631,163658,197013,178278,173104,175589,151404,182862,161194,170397,164589,200743,186221,186153,177267,160187,162027,184427,159623,163878,157652,189117,160815,185665,180465,175687,223082,156515,203688,175474,160120,175520,198842,171892,201276,187149,178504,157286,172961,212833,186004,184887,162770,162453,186882,197204,
15000,182613,186668,190902,191644,203494,181403,216487,191072,195105,184160,212972,182008,188150,234295,220001,192650,213008,185602,206533,171626,191135,186070,184648,171670,175032,229009,170309,166661,197063,172386,188279,171382,187392,161975,212768,216263,210865,162323,196697,189608,199484,173369,170315,183067,189997,161775,194801,219669,163521,206493,
16000,242954,209807,227869,186056,197110,180388,192908,212126,245838,196278,220030,227317,180468,187894,190984,177938,192837,195602,215306,188925,211193,212124,211017,192191,191153,192945,198305,207947,186020,211480,200153,183695,210076,197372,213572,220469,162653,229874,216389,248809,195853,222129,203190,180423,190646,195440,200860,200315,196400,173830,
17000,215683,225272,190288,186709,190415,195447,215182,223381,221030,239672,224406,219430,232175,231244,186132,301796,231059,247995,184803,230565,187506,235780,197369,214312,234949,225027,219222,250069,222506,236311,257256,207580,206357,222857,241740,214834,203139,202422,193350,245351,222554,240193,189030,194240,218993,244578,233132,213274,211493,243087,
18000,199835,249133,251861,206792,219398,281718,200502,287174,212007,231923,254833,240390,214229,239482,221688,205117,231803,222128,214213,217961,214919,216864,225489,238603,211494,255553,226870,221531,213053,251078,273025,234891,286251,238174,246447,244698,234682,229226,239790,202986,228907,250072,245295,207505,262460,229962,241965,199916,276232,221530,
19000,264567,237802,240398,243050,230977,242064,247085,231072,255777,242579,246775,273525,244164,234723,242908,257618,232748,287647,239939,241596,200282,281499,235036,237999,211291,262343,256220,220660,231865,206994,249146,244933,225110,221443,268636,262160,240232,236748,230646,247698,223756,234813,261784,254666,213749,225950,260070,217373,231672,245175,
20000,254431,242401,293916,233789,245906,321323,270482,259667,251848,226647,254279,236051,225804,229869,281798,266879,275515,249982,250335,270283,244263,260428,230260,239638,344904,265213,281475,280872,256467,235213,259471,287091,234431,227505,270204,254078,324279,258328,258884,242384,281781,244970,255776,301673,248388,277859,261039,267114,304017,258753,
21000,320898,301535,284631,260165,290719,289257,294670,269816,351459,264058,316685,278133,268485,298171,234523,258420,268262,291329,345740,280962,310077,265517,276579,341549,258781,254175,262186,308697,263991,318074,288089,237420,271476,267282,255441,252786,238073,254181,317464,283474,326146,253895,244227,300203,265575,256111,267796,313948,335453,269224,
22000,303098,257910,352834,248957,257461,312994,320435,301115,273757,358955,261957,276212,258688,251695,271792,255201,248638,299369,275717,305659,274256,311316,331728,305793,270960,296321,257522,247598,267980,275765,296336,320561,267981,274844,332561,269412,290520,366995,231420,300289,301622,274178,292263,275343,287638,287185,282409,257659,320292,281621,
23000,301871,240942,275164,290358,269423,308605,264395,299311,284141,294861,290224,286990,275736,287926,369995,274230,250811,290439,317890,357853,306225,315273,286918,282635,312219,279134,480539,293289,299843,297968,282764,274127,261526,275413,319347,335149,345689,326037,278772,322106,299530,334802,293176,276965,341978,277770,326333,300728,299174,310683,
24000,315951,330736,291956,301506,283160,313049,315953,411714,305739,325164,367579,295869,290327,285326,372315,317793,280177,298024,301839,297321,332079,330141,290122,280270,326027,282422,388223,302837,307924,297992,288801,330441,351065,301784,324131,319197,310210,349373,409558,320575,328835,299463,271041,303810,312839,317678,377118,272306,296643,300584,
25000,327680,307349,351774,307391,361850,362906,317466,374933,318019,334512,322898,380667,338321,308209,381890,290866,343942,295314,336281,332825,361325,330875,320433,325394,361526,310645,317192,351636,360531,293676,381296,356792,330193,296929,288411,295547,279918,323084,326753,431656,337316,382292,345606,298852,353496,350956,315771,345599,301257,344836,
26000,333548,397289,315224,308849,367108,341845,355620,349328,394130,344874,359334,339752,384611,319162,348570,325927,377638,368135,333710,343875,351804,381549,344860,359717,306723,320227,375620,314393,312064,314386,310124,368953,384136,388567,334362,321998,316036,349762,305452,400086,412744,332818,384008,364210,324262,417789,356758,333079,343248,352000,
27000,433840,338182,355888,322666,325599,369782,347051,382284,348450,358065,397325,419197,400195,341989,367256,357481,391543,359280,397596,329197,319516,328276,330097,378432,363560,314513,319118,315427,354627,314825,330093,347952,388548,307490,310342,365072,347281,348904,325588,314313,349537,362071,398109,350863,471940,390868,348281,373663,336839,365017,
28000,402802,351921,345963,389213,375448,386260,337668,394251,380123,385085,385088,391252,335447,392222,388608,372754,405391,387453,423446,411950,373886,345858,414259,399523,376334,359924,359767,374903,390670,355045,351960,338163,349427,333648,345463,358910,383103,365174,425673,431760,344064,482911,377723,359573,390683,397910,366258,342423,344737,450804,
29000,371638,452130,388260,362244,369983,396269,481465,416220,526063,440550,331016,321000,405794,410168,357867,445587,396114,414223,400186,361476,401393,506780,340630,488820,418352,396946,393381,380903,419860,371371,364344,401925,374954,386046,408464,358556,337655,436938,415793,376802,365651,382589,375242,481869,376088,431235,387293,394700,423074,385966,
30000,577020,426912,409194,398066,338718,363458,406990,589505,400614,417154,367810,461687,392047,420043,414541,346719,408612,389193,399473,379478,392213,423891,394667,368608,363586,435364,497617,447366,429075,363202,414438,395944,440752,375107,384982,426109,422821,394326,385724,352018,369461,394992,395541,376257,467309,371235,403856,501618,410714,431729,
31000,449178,376591,407632,464858,394274,467870,362573,397517,374336,358806,448495,371411,414050,443100,516674,367074,403395,422829,474569,408333,420168,433600,424682,482240,622182,377102,472188,399877,441599,523707,372579,402868,408127,404303,386703,418393,389398,371319,481876,423593,367535,364606,387288,432038,389002,382716,407911,372987,363924,392810,
32000,405951,461691,419190,443691,480689,508468,491956,389562,423714,460599,401270,460611,434770,385829,398805,474843,409869,393892,429554,400394,452949,431448,482316,445939,465666,440086,459110,424786,436286,409916,398791,411555,407221,375104,595556,406656,407917,397664,450502,446655,438980,473292,409970,467926,414785,473676,489619,471986,403763,384535,
33000,401756,390032,506376,530661,440395,555112,450649,450407,692989,491988,482665,532468,379193,456420,432762,415787,553432,420108,409003,388357,526063,422279,470067,437961,412003,403928,509793,411401,484714,521035,500886,423619,450741,451679,493943,403316,365346,442693,424893,476171,496541,430726,477388,439093,400427,479584,426495,419085,475231,410370,
34000,424548,397805,532083,396158,426397,419384,528157,395036,458133,417773,541775,411829,433929,447204,416568,469474,573093,421652,514358,387159,461211,612610,464725,415968,476787,506775,409718,469000,405867,429017,453871,510821,537774,422523,501068,530044,482703,429054,473799,390938,520201,384259,474636,422422,462215,491784,466816,475840,492447,443823,
35000,413963,480158,502649,523034,487768,423024,522179,589262,450062,436854,427083,420819,451434,471139,456670,513666,506675,519738,476305,487768,494244,457251,400955,487726,456587,524903,444077,469607,452825,420114,528188,615415,382926,423223,467579,478663,407080,507939,424264,571645,455829,490678,613484,429547,435569,439072,520299,523871,494260,567045,
36000,516393,507969,495896,612041,481575,469828,554060,481922,448324,545270,457531,718949,569314,502409,490057,491236,431610,427594,520851,497366,608410,475303,499705,504757,449257,553830,505181,503564,468906,470023,479280,445490,557105,569802,521166,562085,571470,526179,464337,477087,572076,463451,552571,498943,528893,523069,537719,632635,555591,407482,
37000,476943,536823,564642,510408,596165,558792,463695,503004,489082,503949,540663,529982,496844,478801,515869,464647,485309,498315,516352,497795,457483,490672,462757,467607,459940,556867,425986,454571,454350,537230,422951,590967,482738,495211,525262,484865,507907,506791,483218,488736,635796,669142,564082,489740,615610,468276,545887,472544,541341,560987,
38000,506899,505936,561819,537050,452849,569843,494492,528771,494052,523782,492998,550665,515286,552043,545185,589591,467770,502551,474600,562852,510583,539368,458126,515602,510809,498730,465977,594997,496591,511837,572260,551807,513107,522865,463179,455043,582242,524879,510567,428467,513806,587763,488790,500188,488378,596557,499777,493241,539122,523020,
39000,475705,513004,570780,563842,557005,486576,469956,526856,676476,561188,503664,478164,620341,569820,563618,477487,500951,542206,559674,564999,444187,606663,611740,557574,549802,553524,594516,502592,486539,642150,517393,489752,522100,514386,484305,527347,582510,514204,619733,583174,560519,499209,471071,615281,449917,557536,527030,478504,482122,541213,
40000,584979,608495,685133,523655,540246,572557,540210,709702,644737,527290,511736,486220,546193,536797,573444,540725,519283,693145,573790,581486,544421,506976,507604,673101,494844,578768,662066,517661,581746,583596,569730,579177,547557,540980,522624,528444,586264,634675,540430,567907,518473,516919,531811,487003,556896,602275,511287,525824,513887,513645,
41000,543133,530587,667202,537953,623386,509561,526442,520455,668743,637853,593382,588260,549133,483682,542227,562038,747760,523009,567111,545410,555350,543341,526090,595152,547828,592940,508880,543054,629108,471686,561070,565213,593870,539709,537074,663828,655336,505077,507462,496287,650732,527270,596625,558095,597790,592331,501800,538612,654597,635417,
42000,633834,558231,512971,541180,503862,616330,568309,573422,576032,521004,585077,538812,582821,573312,583287,596956,572877,737011,573145,572183,520401,623759,534526,533620,664899,568895,686143,586479,618039,834378,518232,580743,617282,590309,528982,533975,660991,591310,522047,593911,587614,606180,515062,546142,694954,556238,534623,550885,580048,624081,
43000,568121,665304,595516,557617,537143,589851,737739,564167,617668,535496,592267,605468,725135,719147,609711,615764,637176,646397,558035,629241,562689,588683,542175,524064,552310,572008,684477,757508,589338,568362,526839,627815,614658,579351,544885,603800,575019,566766,605260,556108,588496,566131,607958,581336,592535,591275,652602,638664,657206,617186,
44000,606204,578005,673720,628286,554187,611636,644305,584215,538204,530383,695600,635446,639827,533654,556693,602940,620218,584144,709788,573797,648017,560384,620562,569582,631172,853726,680762,580187,674330,670634,636540,569560,694602,583426,552520,679101,588738,523635,601946,596700,613486,580651,610050,563558,714124,615973,653189,627673,633558,605334,
45000,611499,655673,610144,665579,572835,617295,676577,645937,703500,705630,545684,616940,701446,648975,572564,586852,618963,675041,672795,690088,714538,609162,634359,643700,544703,701015,612526,661623,649817,611620,590577,609036,652438,646662,600706,556836,680756,640679,624561,564649,550342,715846,651943,651377,652939,617012,640590,704793,785204,634639,
46000,598577,732786,588623,576413,625094,689222,545027,805198,606735,624072,604617,686223,594430,639373,590303,539382,595183,657458,615214,701059,667685,727086,652087,620744,652411,710618,577029,685297,573097,660366,640844,633125,631368,658926,664473,644115,653243,568195,602143,668958,549727,565200,616529,628171,621569,711468,707374,618327,657368,677185,
47000,715924,614729,620429,610285,585596,680306,666768,700853,631110,574592,627271,838309,663410,611400,710800,636356,564053,620494,725691,639730,615469,734774,637555,641630,719251,576237,882813,621424,678521,568160,659536,646889,688324,677190,628735,684704,654845,630235,641202,605025,638090,678729,661201,695289,641365,712348,645266,690066,674345,582164,
48000,637543,655992,644261,636783,739926,753763,602098,607683,631242,602636,687739,658219,703251,627465,734743,687885,672197,617072,652166,648755,620728,655131,704226,645257,589964,768535,659293,700190,618148,724080,661561,656793,602250,692496,719770,699487,582982,681295,619294,616935,621191,685673,662440,621363,622904,658976,663753,650091,602215,637623,
49000,644588,662956,697190,658589,620084,693904,647869,702586,619131,631005,681560,737395,694707,1082587,671781,787388,715451,647710,703764,576299,661585,655981,715979,788393,722744,709970,741198,606764,620458,610400,680768,671707,656890,719828,713854,752157,671225,767762,643870,741955,656534,635058,679151,656709,678178,762355,655971,769683,698650,659131,
50000,662021,762855,773463,734571,702335,697454,702326,684377,652808,657843,619136,711096,577166,798810,740657,733182,927450,614882,660643,643176,696317,768414,784396,637277,731717,674905,679355,674909,705242,681833,712469,738454,753500,627372,680443,746017,675538,720267,634135,705893,711854,693946,641911,641424,687047,690001,696714,747269,701997,938368,
51000,688028,770563,807181,874676,639697,651704,621070,674230,691450,715380,824566,710001,685186,784909,708359,614198,745871,729409,768344,741203,726090,626605,737776,1104202,715389,696932,654670,701728,682178,616390,789543,609060,661230,661471,726037,695339,649020,773999,682112,753448,744875,702945,657825,740257,695951,728161,712785,819475,658190,750987,
52000,902240,654788,905044,703574,664410,763012,752922,718618,700538,732891,720892,665814,732455,678487,691314,732231,787819,772445,837557,772059,651200,752167,685404,721737,711494,683312,755288,613325,755578,653779,791620,706240,711924,698352,600159,694816,735337,746003,779912,731381,687240,758068,692518,796709,681087,990814,683490,709526,671563,688610,
53000,691278,676403,725568,739995,710992,837470,715440,816344,809597,765527,726664,852771,868283,791224,712088,674033,845052,699108,822161,672588,646405,799320,727696,842887,788947,752237,691465,677823,660463,710054,718847,746150,767339,881965,685490,696167,799575,777737,932961,681095,750483,819225,731605,737175,678545,808599,720549,854855,741974,719025,
54000,904010,698277,658383,809652,779211,996096,822711,748811,831036,819061,707528,844400,747824,711258,803154,760215,740634,709032,757447,935090,694196,714337,720260,770893,700008,677803,743478,630684,760718,674577,859165,680530,737618,722478,837275,851616,950341,1087849,715599,772889,717615,719850,651993,717166,785716,860656,685482,859189,855725,687447,
55000,752590,755452,791889,828246,776704,858871,704272,853999,742785,764816,789897,804444,807005,739379,700977,859102,744552,727866,989310,850183,648386,740943,711650,813852,767250,751677,889312,725907,880349,763241,811730,841281,886498,706139,868887,784508,810989,766833,740602,789991,809150,872740,753899,852888,732555,751922,789917,790014,707519,715750,
56000,820458,822880,806720,761206,849417,913787,822470,792371,816066,724432,797106,864812,773711,706337,967713,877199,827428,674845,823650,788012,673266,776857,924031,785030,824684,873002,833944,743845,747140,816700,809024,898146,773306,746657,716798,876892,752033,811303,778630,838717,922562,748205,731287,857675,867608,824274,860979,872123,743072,691249,
57000,757383,937530,757076,833151,1098911,721084,730591,830896,833472,979447,685181,711185,754831,817039,821319,733690,767406,797127,773297,888281,874157,811320,751102,791738,884021,1059632,864937,669255,919256,783945,695790,823701,688614,740673,741190,844894,730510,778447,993102,799125,733377,859888,837973,889888,780012,687032,794027,763934,846205,812172,
58000,791982,840496,812672,850887,814324,736692,740290,760051,834980,782334,1074785,833465,735589,872993,754074,767727,823836,732660,764896,748389,718270,760801,786666,742166,925372,775117,739547,749952,1029557,873400,814331,730651,817170,832868,852748,862938,838022,785187,771287,860325,882296,827593,723325,762986,867067,1107286,838531,860680,741844,732104,
59000,892666,735363,879863,909917,786495,767379,784304,992768,934292,730677,1259496,823757,837012,847632,785459,737080,896291,881891,850193,858119,763080,921074,839114,1030683,833874,791429,783333,773774,832052,808593,797691,913632,763940,811755,950007,817119,903639,916967,777154,811700,778771,814751,779390,828637,770360,877164,859201,778561,770464,802709,
60000,902822,834051,849743,834319,768520,879770,965011,838589,820105,944156,790783,900758,805891,848517,923178,891494,808924,958191,926247,966434,886349,852381,816402,888370,855591,925450,962825,837254,924090,790809,782668,950137,991397,910925,892257,810009,792192,802949,784382,879677,836197,838270,896089,736867,982607,1027373,813081,863414,723028,1025102,
61000,808373,913828,875119,838425,866574,740730,819160,836015,813056,830378,729367,1028551,949725,830979,859587,805521,948627,932421,814904,822177,805546,819564,903385,815472,865442,962063,1091779,985412,852989,832508,887685,839411,829975,883425,865662,929875,915253,966596,892985,878000,857965,857319,817296,806258,939369,789812,872504,762790,1062854,965387,
62000,1118289,908458,889174,826112,835208,851499,1015676,814951,814234,854173,869224,894447,822929,1026888,808184,821801,788384,796810,989665,869366,910211,843362,846480,871653,873283,842523,863778,768157,804418,791904,827695,916914,964227,798752,794436,811270,779273,790385,809840,810438,987509,826737,789253,897176,792534,903557,900237,895116,825668,845834,
63000,858628,898313,925762,883691,877033,842038,1030023,1074385,861820,892315,884701,865564,954936,797318,857436,915977,862245,906836,929910,853318,893703,901829,868567,836989,884810,907812,833326,875259,830221,836854,913308,898041,811529,838023,757063,781812,1211841,870516,972521,807641,955694,792084,877566,919398,833009,853444,883056,979631,879232,870857,
64000,899601,953210,778743,959347,837808,797646,833848,798821,994253,792054,1253027,923520,989339,1072911,894752,861556,906824,799245,1133436,780850,864974,808280,940972,848407,845343,928284,884028,878169,915568,996848,951570,993997,996094,933398,896005,883886,1013451,870893,792281,812789,833629,972677,805417,845517,897353,945755,1013143,838217,979707,879052,
65000,882788,960080,1032085,985654,905107,940282,802100,1085695,929268,932541,939188,860499,1074862,1086874,859443,894241,960655,1022897,904458,944953,924841,860705,897656,908193,885492,834388,802116,1098793,975877,1161201,1048979,925150,881465,869524,883922,893192,932432,1137007,892299,1038581,873837,1125984,863087,987063,807749,897621,1077444,856376,908986,958751,
66000,926011,805484,905648,869911,1062194,957576,944720,915089,988206,895243,1002411,934677,882226,833191,1132211,1107585,978707,994937,842851,921464,853926,914913,802943,938904,840649,918300,1071030,930324,1017638,1114826,929970,920998,884685,1018296,1082411,1126391,863666,1141635,1053843,811110,970118,1128770,957724,938285,823279,913078,911859,933220,933962,943931,
67000,958477,1010866,978920,952271,935377,921283,1159379,900436,1020937,903712,1056355,927330,1012572,915508,936471,900264,1033474,968329,1126914,878842,858391,943603,1039446,924085,1024649,900117,864029,892894,892997,1044538,953185,971424,895542,996280,1021084,950372,913336,930294,1152142,892489,906930,889970,987370,902952,928347,1245559,919958,915791,932502,894695,
68000,916042,963507,988660,1111209,870323,979311,1029085,863951,974972,1020411,939267,946458,997784,1056798,980234,1008737,1007339,1081202,892837,882420,962543,897959,957945,870023,989111,998371,1012436,1035256,1040266,945899,1056647,957533,927475,982736,1005820,988770,963013,934172,895523,977181,967505,849407,1083197,902624,911858,1038539,1019054,1086464,942548,1160686,
69000,949325,931547,1079083,1058151,917602,1088716,958065,1059325,971342,1097270,1102761,1120703,1046857,988785,906830,927619,1077602,1091675,1023382,970090,999237,976677,992960,824065,963526,977849,1083339,941903,1074759,1084625,1022021,968189,1075488,929854,1104993,1187757,1222652,877692,961215,1047797,965659,936069,920220,1054728,1020599,1294578,975512,1147291,970846,1177934,
70000,993092,932725,1034313,1069269,979718,988767,1319599,888786,966750,984970,918366,918310,1030007,934695,1027168,880700,965687,1050134,901353,1021225,1205505,1380697,914434,1089198,1092087,998530,939658,1052590,1000398,862730,994490,1019734,1151533,1013029,844406,1111131,1376816,1008756,934653,966393,1055348,991420,828273,1120252,985807,994924,1228453,948232,894355,952125,
71000,969101,952490,1065641,1219973,983073,1012468,1218674,1131679,1256602,1001768,1161949,1062679,988280,1023242,1068251,1149061,1020372,1004825,984533,1088519,1091616,900967,954569,1074310,1014703,1013999,986405,977195,1038564,1065256,972022,1005309,948143,1007548,1099429,1055840,987723,1164537,1030216,1282100,1042017,1010067,979678,961680,1189679,1053297,1001425,1107773,1070305,1200983,
72000,834140,979424,1055886,1051115,1041641,1100248,1191426,1170815,939140,864030,1228027,1135981,1166453,1021465,1259254,1080289,925087,927761,970784,1008003,1061844,945382,921976,972379,1084844,941727,1193112,1011865,1338497,1181218,1014948,1088971,1042169,879573,895860,1073690,948579,929416,973091,870380,910968,1186355,1109180,1023354,989647,1059294,1062515,1089452,1019779,1130609,
73000,990291,1131814,1054314,1073898,911794,990487,1081308,987472,1021181,1157777,1057312,1032130,1065789,997938,875496,1302877,1135189,1307756,1008964,942390,1126643,908871,1016570,955299,1078483,1007204,1056412,1016921,1187930,1026504,1150590,1023513,1019184,1062326,1048435,1060275,1058165,1213212,1023056,1092890,1157807,1121347,1044801,1234334,963532,1037770,1006719,1259688,942177,967521,
74000,1027814,950464,1059675,914738,1012826,1176662,1067850,946145,1173418,1102456,1156439,975215,950721,1062540,1069490,1324208,972270,1015759,1237336,1168224,862895,1006536,1298658,1104830,1086717,1140575,1028740,1067854,1066048,1195762,1144044,1071613,1055700,1093907,1063855,1126299,931882,1028886,1015681,1265557,1150226,1112596,987329,1133274,998171,1021791,964917,1101578,1204077,1038273,
75000,932431,1065806,1140080,892985,998862,1109947,1085613,1208014,1063326,1040828,997158,1038802,1039733,1067544,1066876,1329322,1084425,1111650,1032740,942836,1050790,1056910,1185233,1216452,1413487,1140888,1071417,1093009,1043570,1198710,1075211,1243068,1018657,1047391,1183625,1127450,1057080,1089238,1070057,1006347,972078,1037180,1132019,1247112,1183161,1025196,989908,1167972,1054430,1021566,
76000,1062018,1129465,1071660,1690142,956488,1271681,1038419,1219687,1019935,1013386,1456649,1127578,1125258,1109673,1156905,1116204,1198295,1223188,1004182,1049081,1238712,1045653,1099199,1067383,1062154,1028072,1021526,1029699,1000979,1081001,1149822,984665,1103959,1277437,1029607,1088690,1060636,1039854,986646,1096446,996295,1038423,1009903,1080893,1049958,1189572,955884,1103049,1020262,1057083,
77000,1163107,1125005,1180683,1121524,1208964,1129322,1016492,1265556,1188892,1156776,1173133,1167123,1124941,1071054,1013820,1044671,1009484,1271978,1112834,1033300,1330094,1081882,1173071,1277591,1273424,1035382,989383,1097268,1015289,1051477,1231314,1391655,1158056,1042729,1088663,1134808,1048744,989755,1303432,1092824,1132561,1022065,1106346,1170754,1296704,1149216,1091553,1174486,1382797,1141074,
78000,1567170,1104616,1363200,1043668,1175559,1043879,1046998,1170254,1464490,1039100,1384994,1313862,1275221,1086490,1085903,1096770,1302428,1181919,980995,1243183,1119095,1272445,1111252,1066871,1150210,1088906,1070531,1203848,1118075,1071065,996217,1178662,1077409,1148500,1166167,1067474,1252725,1353230,1076492,1223489,1001399,1063322,1053840,1271668,1070729,951124,1119602,1191525,1013821,1151755,
79000,1372832,1251247,995771,1009970,1203500,1172839,1127242,1154382,1054835,1047157,1255398,1122857,1084317,1191708,1249047,1056175,1153215,1116566,1236864,1063084,1095228,1310922,1215207,1027999,981223,1157774,1185123,1075403,1229089,1091817,1346705,1078327,1090345,1272009,1431141,1073704,1458691,1399212,1225763,1114293,1199159,955074,1272281,1112328,1066998,1173891,1103077,1312986,1068593,1145870,
80000,1157623,1228506,1058743,1451380,1201194,1236159,1389490,1090766,1249598,1128064,1462106,1171526,1234630,1231774,1180903,1165370,1078502,1244673,1170099,1156685,1199087,1111567,1048593,1074399,1143481,1429014,1048886,1112760,1089441,1170357,1106035,1096877,1143086,1068974,1086413,1202612,1136883,1116594,1198620,1041771,1262537,1121274,1364305,1205912,1099113,1340382,1034645,1252545,1082494,1148843,
81000,1120961,1297169,1067900,1094706,1361475,1281981,1049171,1182966,1143127,1126999,1022665,1668347,1147964,1423781,1217783,1225856,1032853,1233722,1110465,1210552,1053302,1156013,1043925,1065265,1234413,1213106,1477991,1105522,1175349,1261958,1127212,1204943,1094957,1145594,1037867,1255414,1094820,1122591,1134851,1102721,1046813,1071149,1337021,1311710,1113436,1402569,1100394,1229342,1360443,1056391,
82000,1152714,1197263,1053480,1171369,1083894,1342640,1088443,1204827,1118249,1147499,1203297,1134771,1173542,1137612,1210186,1180236,1098126,1323255,1350685,1212235,1196426,1110189,1112984,1344731,1393597,1288920,1109547,1154960,1245442,1397659,1105793,1051216,1367383,987085,1131449,1401050,1097424,1113079,1457537,1086689,1171010,1294392,1214611,1265169,1087709,1210926,1210095,1301652,1088688,990262,
83000,1155179,1204744,1128895,1150277,1080374,1362563,1325035,1145217,1302005,1396518,1274337,1317221,1526293,1127444,1134946,1214243,1227078,1017040,1222811,1228358,1355077,1289089,1201558,1231103,1383934,1253022,1127133,1262840,1185532,1067440,1199572,1147894,1223112,1165426,1109227,1255805,1132246,1279995,1060505,1243742,1194408,1082825,1401660,1183998,1135032,1200201,1361321,1101315,1175437,1182639,
84000,1138723,1106652,1126365,1265200,1319785,1129105,1193024,1261025,1249318,1119671,1197146,1201014,1286392,1185870,1403232,1229121,1011901,1271159,1218991,1382331,1164148,1116302,1154750,1288437,1323455,1186125,1202481,1170709,1260750,1490837,1246827,1146871,1239078,1446530,1382629,1321760,1666572,1104503,1432005,1166189,1184762,1233453,1039056,1088609,1399908,1251870,1063910,1327498,1317570,1191473,
85000,1119354,1126357,1151520,1217264,1288478,1305369,1244710,1298267,1271237,1199579,1140831,1150775,1188735,1219262,1115722,1137116,1408681,1243426,1158771,1061852,1219832,1203413,1312991,1361152,1190470,1741244,1335000,1120590,1079958,1250572,1369925,1360614,1141618,1342989,1115933,1183053,1159332,1285206,1233058,1140769,1252305,1474298,1249062,1172966,1198711,1159373,1380477,1261795,1065486,1126683,
86000,1155584,1370714,1252209,1151722,1182185,1173021,1209176,1273679,1436981,1677902,1182175,1267025,1279896,1210712,1127340,1128875,1301804,1173139,1066242,1244913,1219265,1194354,1159763,1266550,1207625,1341709,1081053,1209014,1577600,1274365,1114803,1498358,1298518,1120570,1289920,1315827,1293179,1613695,1233607,1311372,1207900,1659997,1148704,1219456,1161092,1273631,1218099,1241432,1360290,1315140,
87000,1185319,1183807,1425524,1222434,1344970,1307346,1338235,1419740,1376684,1305562,1191506,1534209,1176654,1380933,1204627,1411576,1360481,1163959,1245548,1316217,1127846,1283621,1406852,1340571,1222508,1325194,1192594,1637126,1442121,1218309,1344708,1136164,1440173,1372817,1183255,1186850,1353380,1176904,1159471,1173646,1426197,1318072,1427361,1210297,1284100,1494474,1107239,1286518,1195827,1199455,
88000,1278128,1257992,1306522,1155356,1243853,1525454,1331564,1126386,1168123,1408175,1419702,1304010,1390275,1387059,1234913,1280916,1245546,1252400,1259243,1332096,1272794,1243841,1352565,1229738,1188670,1468855,1260211,1195284,1166684,1362104,1232722,1301459,1344545,1261577,1123160,1199403,1285295,1145800,1212922,1211489,1465602,1227165,1309076,1435564,1371802,1112983,1314001,1311908,1252427,1299099,
89000,1331361,1166476,1281817,1193900,1288854,1217682,1503105,1170303,1437265,1376313,1501435,1195910,1494419,1748682,1663976,1235914,1283142,1415281,1467028,1269927,1499442,1274043,1243648,1331756,1348802,1456275,1293405,1300377,1520209,1310273,1390941,1189152,1143579,1172986,1230453,1339212,1341360,1129003,1351435,1346450,1300302,1194654,1094188,1596024,1162584,1313692,1493958,1508781,1545253,1278765,
90000,1228094,1142315,1581629,1479387,1262677,1335512,1309852,1349092,1264300,1264910,1782293,1547934,1521480,1327614,1215299,1378539,1284400,1257957,1305766,1483729,1185610,1206725,1352007,1602589,1320474,1421954,1374298,1265421,1239070,1323065,1191986,1288116,1322751,1329506,1308685,1207032,1280615,1169233,1375243,1433547,1165200,1273680,1174100,1390307,1623965,1410934,1208084,1391635,1310026,1556199,
91000,1271568,1348050,1249539,1506795,1592911,1240571,1469671,1296783,1462305,1644042,1239175,1322097,1275301,1252708,1170619,1508527,1227691,1351465,1203951,1185157,1293141,1387941,1414701,1239513,1303157,1277551,1389534,1322921,1307840,1443870,1330842,1414192,1321817,1299637,1485989,1392414,1205267,1563609,1440681,1252131,1325261,1418266,1118358,1204897,1295911,1322071,1303839,1156716,1306930,1392933,
92000,1415560,1210358,1467638,1384243,1413374,1175275,1259406,1398358,1282267,1257845,1454903,1439618,1324027,1320717,1284447,1225852,1211415,1241562,1155720,1305629,1528941,1410547,1368505,1355369,1304728,1443400,1418236,1174516,1312883,1706968,1279156,1263853,1202885,1367328,1199167,1232880,1554747,1359432,1502133,1616379,1212489,1549080,1185627,1248847,1327137,1402966,1213978,1377238,1226860,1523127,
93000,1293125,1265373,1399043,1572659,1233777,1316244,1368192,1556244,1274423,1608808,1458454,1258804,1544389,1251328,1288684,1194741,1511988,1794908,1807308,1271028,1372882,1451451,1353055,1371831,1568553,1600014,1296540,1171691,1340136,1436945,1589001,1201390,1251242,1355981,1276392,1383672,1487170,1270529,1456733,1367235,1467518,1452409,1326695,1236575,1217114,1451540,1258083,1265436,1415769,1214724,
94000,1445125,1426554,1277343,1272239,1426409,1489784,1527384,1302514,1418701,1221443,1366536,1320053,1283215,1257721,1413784,1406849,1280469,1445700,1327848,1229425,1269319,1288391,1302956,1373843,1356296,1445606,1342070,1433813,1424284,1416112,1594260,1395147,1336309,1272424,1359925,1260218,1377525,1318306,1573975,1421655,1523774,1333150,1229328,1419103,1350057,1593768,1418210,2028859,1376604,1432916,
95000,1466278,1766942,1452753,1270412,1600940,1227710,1342885,1366665,1318348,1639490,1385604,1481594,1284848,1204752,1328158,1332533,1403850,1642786,1307203,1357421,1490255,1443260,1227584,1352686,1395868,1374604,1290493,1347403,1349000,1465292,1746303,1307036,1438859,1339783,1388375,1423028,1360345,1449913,1471936,1240751,1323756,1358613,1318413,1322880,1336519,1607769,1371314,1407507,1233677,1378626,
96000,1272569,1446995,1321793,1572225,1432217,1470605,1287457,1768287,1262402,1497940,1326679,1386351,1334412,1176935,1285764,1373746,1460456,1380395,1467060,1536236,1433726,1346607,1221615,1425305,1505649,1344276,1272449,1345567,1386517,1227665,1362685,1713643,1317355,1316818,1352219,1585607,1307134,1409441,1553581,1314903,1416431,1589421,1214050,1363345,1378671,1572584,1324682,1348705,1376145,1347491,
97000,1509711,1446584,1352596,1530243,1428796,1504818,1393592,1545486,1296191,1341679,1392635,1558883,1279145,1328107,1343648,1448128,1278190,1459430,1448859,1434586,1417788,1594071,1381930,1568594,1249136,1438961,1478155,1470331,1476812,1337607,1409411,1563163,1576851,1368920,1428639,1338691,1602670,1516780,1253065,1450814,1576373,1466019,1304718,1549648,1412971,1350746,1482128,1434694,1258237,1294556,
98000,1340577,1360643,1350730,1410059,1472541,1789722,1385149,2053845,1637882,1238091,1344398,1550258,1401016,1429234,1344171,1309680,1463967,1404199,1377365,1659075,1636684,1361870,1368624,1418093,1554240,1658115,1470049,1416054,1453181,1308011,1383547,1534773,1434566,1392705,1518863,1367840,1447140,1324670,1377353,1291231,1720951,1386376,1462808,1447656,1327773,1565895,1223121,1487497,1427705,1644076,
99000,1811252,1465047,1353032,1419686,1388869,1313872,1404780,1539765,1436914,1609011,1737346,1447368,1356544,1394007,1337763,1468094,1542737,1588304,1530447,1390830,1479011,1501016,1583457,1612568,1438238,1418272,1554726,1303070,1493296,1380482,1344627,1454072,1623290,1316516,1346398,1573271,1510445,1545881,1369365,1543156,1464976,1765725,1416632,1376060,1804759,1347876,1502345,1449256,1907728,1520304,
100000,1623565,1321127,1546256,1431521,1610904,1779078,1304399,1571295,1395591,1430061,1569760,1803413,1431533,1675798,1407009,1326528,1586672,1530159,1421261,1541489,1379211,1410389,1464769,1437874,1449732,1612154,1668342,1663123,1652540,1538011,1317812,1509518,1523674,1453501,1280985,1549031,1356838,1641147,1613297,1624584,1425306,1366105,1382724,1565000,1669576,1413763,1450316,1632763,1380335,1416749,
